variable,value,value_description
APOE,"3-3","APOE e3/e3 genotype"
APOE,"3-4","APOE e3/e4 genotype"
APOE,"2-3","APOE e2/e3 genotype"
APOE,"2-4","APOE e2/e4 genotype"
APOE,"2-2","APOE e2/e2 genotype"
APOE,"4-4","APOE e4/e4 genotype"
SexChromosomes,"XY","One X and one Y chromosome"
SexChromosomes,"XX","Two X chromosomes"
rs11610045,"AA",""
rs11610045,"AG",""
rs11610045,"GG",""
rs4698412,"AG",""
rs4698412,"AA",""
rs4698412,"GG",""
rs823118,"TT",""
rs823118,"CT",""
rs823118,"CC",""
rs11658976,"AA",""
rs11658976,"AG",""
rs11658976,"GG",""
rs356182,"AG",""
rs356182,"GG",""
rs356182,"AA",""
rs2280104,"CC",""
rs2280104,"CT",""
rs2280104,"TT",""
rs12456492,"AA",""
rs12456492,"GG",""
rs12456492,"AG",""
rs11158026,"CT",""
rs11158026,"CC",""
rs11158026,"TT",""
rs9261484,"CC",""
rs9261484,"CT",""
rs9261484,"TT",""
rs10513789,"TT",""
rs10513789,"GT",""
rs10513789,"GG",""
rs76904798,"CC",""
rs76904798,"CT",""
rs76904798,"TT",""
rs10797576,"CC",""
rs10797576,"CT",""
rs10797576,"TT",""
rs2230288,"CC",""
rs2230288,"CT",""
rs34637584,"GG",""
rs34637584,"AG",""
rs34637584,"AA",""
rs80356773,"CC",""
rs80356773,"CT",""
rs34424986,"GG",""
rs34424986,"AG",""
rs34424986,"AA",""
i4000415,"TT",""
i4000415,"CT",""
i4000415,"CC",""
platform_version,"ILMN_OMNIEXv3_CUSTOMv3",""
platform_version,"ILMN_GSA_CUSTOMv5",""
platform_version,"ILMN_CUSTOMv4",""
platform_version,"ILMN_GSA_CUSTOMv5_2",""
platform_version,"ILMN_550Qv1_CUSTOMv2",""
